<?xml version="1.0" encoding="UTF-8"?>
  <SupportAssistPrebootDiagnosticLog>
    <Schema>1.0.0</Schema>
    <LogNumber>32</LogNumber>
    <LogTimeStamp>10/21/2021 01:48:19</LogTimeStamp>
    <ePSA_Data>
      <Result>Pass</Result>
      <ReturnCode>BOOT_HOST_OS</ReturnCode>
      <DevicesTested>Memory, Hard Drive</DevicesTested>
      <LogData>
        <ePSALogTimeStamp>10/21/2021 01:46:41</ePSALogTimeStamp>
        <ePSAVersion>4400.16</ePSAVersion>
        <ErrorCode>2000:0000</ErrorCode>
        <FailedSubTest>WCMATS_TEST</FailedSubTest>
        <ValidationCode>98775</ValidationCode>
        <ErrorMessage><![CDATA[ePSA quick test pass]]></ErrorMessage>
      </LogData>
      <MemRxHealed>FALSE</MemRxHealed>
      <ePSAInfo><![CDATA[serviceTag=6M0L8B3&errCode=0000&ValCode=98775&uID=03DA4]]></ePSAInfo>
      <ePSAFullVersion>4400.16</ePSAFullVersion>
      <ePSAInvocationCount>1</ePSAInvocationCount>
    </ePSA_Data>
    <BIOS_Data>
      <ErrorCategory>OS_BOOT_FAILURE</ErrorCategory>
      <SOS_Available>FALSE</SOS_Available>
      <TimeOutSeconds>0</TimeOutSeconds>
      <OSBootFailCount>2</OSBootFailCount>
    </BIOS_Data>
  </SupportAssistPrebootDiagnosticLog>
