<?xml version="1.0" encoding="UTF-8"?>
  <SupportAssistPrebootDiagnosticLog>
    <Schema>1.0.0</Schema>
    <LogNumber>31</LogNumber>
    <LogTimeStamp>10/06/2021 21:49:19</LogTimeStamp>
    <ePSA_Data>
      <Result>Fail</Result>
      <ReturnCode>BOOT_HOST_OS</ReturnCode>
      <DevicesTested>Fan</DevicesTested>
      <LogData>
        <ePSALogTimeStamp>10/06/2021 21:48:55</ePSALogTimeStamp>
        <ePSAVersion>4400.16</ePSAVersion>
        <ErrorCode>2000:0511</ErrorCode>
        <ValidationCode>115291</ValidationCode>
        <ErrorMessage><![CDATA[Fan - The (FRONT FAN) fan failed to respond correctly]]></ErrorMessage>
      </LogData>
      <MemRxHealed>FALSE</MemRxHealed>
      <ePSAInfo><![CDATA[serviceTag=6M0L8B3&errCode=0511&ValCode=115291&fru=CN0N43JMPE1000CF04WIA01&uID=0DC18]]></ePSAInfo>
      <ePSAFullVersion>4400.16</ePSAFullVersion>
      <ePSAInvocationCount>1</ePSAInvocationCount>
    </ePSA_Data>
    <BIOS_Data>
      <ErrorCategory>FAN_FAIL</ErrorCategory>
      <ErrorMessage><![CDATA[FRONT fan failure.]]></ErrorMessage>
      <SOS_Available>FALSE</SOS_Available>
      <TimeOutSeconds>0</TimeOutSeconds>
    </BIOS_Data>
  </SupportAssistPrebootDiagnosticLog>
